pheno,cross,D1M1,D1M3,D1M4,D1M5,D1M6,D1M7,D1M9,D1M10,D1M11,D2M1,D2M2,D2M3,D2M4,D2M5,D2M6,D2M7,D2M8,D2M9,D2M10,D2M11
,,1,1,1,1,1,1,1,1,1,2,2,2,2,2,2,2,2,2,2,2
,,0,20,30,40,50,60,80,90,100,0,10,20,30,40,50,60,70,80,90,100
-1.01833096229467,DCBA,0,1,1,1,1,1,1,0,0,0,1,0,1,1,0,1,1,1,1,1
0.887112202193273,DCBA,0,1,0,0,0,0,0,1,1,0,1,0,1,1,0,0,0,1,1,0
-0.199290059939034,DCBA,1,0,0,0,0,1,1,0,0,0,1,0,1,1,0,1,1,1,1,1
-1.2956113983469,DCBA,0,0,1,1,0,0,1,0,1,0,0,1,0,0,0,1,1,0,1,0
0.79005186260572,DCBA,1,0,0,0,1,1,1,0,0,1,0,1,0,1,0,0,0,1,1,1
0.29823691148341,DCBA,0,1,1,0,0,0,1,0,0,0,0,1,0,0,0,1,1,1,1,1
0.00266170586316786,DCBA,1,0,1,0,1,1,0,1,1,0,0,1,0,1,1,1,0,0,1,1
1.20631706548016,DCBA,1,0,1,1,0,1,0,1,0,0,0,1,0,0,0,1,1,1,0,0
-2.19373331342769,DCBA,0,1,0,0,1,0,0,0,0,1,0,1,0,0,0,1,1,1,1,0
0.108076387268264,DCBA,1,0,0,0,1,1,1,0,0,0,0,1,0,0,0,1,1,1,1,1
0.101176334671526,DCBA,1,0,0,0,0,0,1,0,0,0,0,0,0,0,0,0,0,1,0,0
0.849775280577784,DCBA,0,0,1,0,0,0,0,1,1,0,1,0,0,1,1,1,1,1,1,1
-0.219361193730427,DCBA,0,1,1,0,0,1,0,1,0,0,1,0,1,1,0,1,1,1,1,1
0.0567087016809152,DCBA,1,0,0,0,1,1,0,1,0,0,0,0,0,0,0,1,1,1,1,1
1.10858824032235,DCBA,1,0,1,1,0,1,0,1,0,0,0,1,0,1,0,0,0,1,0,0
0.823218579413326,DCBA,1,0,1,1,0,1,0,1,0,0,1,0,1,1,0,1,0,1,1,0
1.23216008089678,DCBA,1,0,0,0,1,1,0,1,0,0,0,1,0,0,0,1,1,1,1,0
0.872479108258364,DCBA,1,0,1,1,1,1,1,0,1,0,0,0,0,1,1,1,0,1,1,1
0.59496663628647,DCBA,1,0,1,0,0,0,0,1,0,1,1,1,0,1,1,1,0,1,0,0
2.2101230505384,DCBA,1,0,1,0,0,1,1,0,0,0,1,1,0,0,0,1,1,1,1,0
1.02349119516816,DCBA,1,0,0,0,1,1,1,1,0,0,0,0,0,0,0,1,1,1,1,1
0.681037071598485,DCBA,0,0,0,1,0,1,1,0,1,0,0,0,1,1,0,1,1,1,1,0
0.401018174104562,DCBA,1,0,0,0,0,1,0,1,1,0,1,0,1,1,1,1,0,1,1,0
1.05227029730278,DCBA,1,0,0,0,1,1,0,1,0,0,0,1,0,0,1,1,1,1,1,0
0.703402019747292,DCBA,0,0,1,1,0,1,0,1,1,0,0,1,0,1,0,1,1,1,1,1
1.90160490027359,DCBA,0,0,1,1,0,1,0,0,1,0,0,0,0,0,0,1,1,1,1,0
-1.3719798479218,DCBA,1,0,0,0,0,0,0,0,0,1,0,1,0,1,1,1,1,1,1,1
-0.627282117548702,DCBA,0,1,1,1,0,1,0,1,0,0,1,0,0,1,1,1,1,1,0,0
0.262559289408512,DCBA,0,0,1,0,0,1,1,0,1,0,0,0,0,0,0,0,0,1,0,0
1.6225332967407,DCBA,1,0,0,0,0,1,1,0,0,0,1,0,1,1,0,1,1,1,1,0
1.66834946021919,DCBA,1,0,0,0,1,0,0,1,0,0,1,0,1,1,0,1,0,0,1,1
0.133267423811405,DCBA,0,0,0,0,1,1,1,0,0,0,0,1,0,0,0,0,0,1,0,0
-0.0523995004563911,DCBA,1,0,0,0,1,1,0,1,1,1,0,1,1,0,0,1,1,1,1,1
0.17255354987915,DCBA,0,0,0,0,0,0,0,1,0,0,0,0,0,0,0,0,0,1,1,0
0.779260837593029,DCBA,1,0,0,0,1,1,NA,1,0,0,0,0,0,0,0,0,0,1,1,0
0.629539888847154,DCBA,0,0,0,0,1,1,1,0,1,0,0,0,0,0,0,0,0,1,1,1
0.73596012185237,DCBA,1,0,1,0,0,1,1,0,1,NA,0,1,0,0,0,1,1,1,1,0
1.53991522209128,DCBA,1,0,1,0,0,1,0,1,0,0,0,1,0,0,0,1,1,1,1,1
0.193310918227378,DCBA,0,0,0,0,1,1,0,1,0,0,1,0,1,1,1,1,0,1,0,0
0.837921545153639,DCBA,1,0,1,0,0,1,1,1,1,0,0,0,1,1,0,1,1,1,1,1
-0.610336557746656,DCBA,1,0,1,0,0,1,1,1,0,0,1,1,0,1,1,1,1,1,1,1
0.554240872513702,DCBA,0,0,0,1,0,0,0,1,0,0,1,0,1,1,0,1,1,1,0,0
0.180855084834655,DCBA,1,1,0,0,1,0,1,1,1,0,0,0,0,0,0,0,0,1,1,0
-0.758480967603081,DCBA,0,0,0,0,0,0,0,1,0,0,0,1,0,1,1,1,0,1,0,0
2.11584137597868,DCBA,0,0,1,1,0,1,1,0,0,1,0,1,0,1,1,0,0,1,0,0
-1.62672642330048,DCBA,0,1,0,0,0,1,1,0,0,0,0,1,0,0,0,1,1,1,1,0
1.24581516170515,DCBA,1,0,0,0,1,1,0,1,1,0,1,0,1,1,0,1,0,1,1,1
0.0738512870914991,DCBA,1,0,1,0,0,1,1,0,0,0,0,1,0,1,0,0,0,0,1,1
3.07523744764391,DCBA,0,0,0,0,1,1,1,0,1,0,1,0,0,0,0,1,1,1,0,0
0.660967705618743,DCBA,1,0,0,0,1,1,0,1,0,0,0,0,0,0,0,1,1,1,1,0
1.62951605164125,DCBA,1,0,0,0,1,1,0,1,0,0,0,0,0,0,0,1,0,0,1,1
0.984508185173359,DCBA,0,0,1,1,1,1,0,0,1,1,0,1,0,1,1,1,0,1,1,1
2.33194912879169,DCBA,1,0,0,0,1,1,0,1,0,1,1,0,1,1,0,1,1,1,1,1
2.15913357235143,DCBA,0,1,0,1,0,NA,NA,0,1,0,0,1,0,1,1,1,0,0,1,1
2.25591906238281,DCBA,1,0,1,0,0,1,1,0,1,0,0,1,1,1,0,0,0,1,0,0
-0.219038778755459,DCBA,1,1,0,0,1,1,0,1,1,1,0,1,0,1,1,1,1,1,1,0
-0.382958220219972,DCBA,0,0,1,0,0,1,0,0,1,0,0,1,0,0,0,0,0,1,0,0
0.616623929056758,DCBA,0,1,0,1,1,1,0,1,0,0,0,0,0,0,0,0,1,1,1,0
-0.224037384931551,DCBA,0,1,0,0,0,1,1,0,0,1,0,0,1,0,0,1,1,1,1,1
-0.970901592864499,DCBA,0,1,0,0,0,0,0,1,1,1,0,1,0,1,0,1,1,1,1,1
-1.13968346510616,DCBA,0,0,0,0,1,1,0,0,1,0,0,0,0,1,0,1,1,1,0,0
2.44193646074804,DCBA,0,0,1,1,0,1,1,0,0,0,1,0,1,1,0,1,1,1,1,1
-1.11898322912455,DCBA,0,0,1,1,0,0,1,0,1,0,0,1,0,0,0,0,1,1,0,0
0.232988021491887,DCBA,0,0,0,0,0,0,0,0,0,0,1,1,0,1,0,1,1,1,1,0
-0.557631924872392,DCBA,1,1,0,0,0,0,0,1,1,NA,0,1,0,1,1,1,0,0,1,1
-0.0254414698765214,DCBA,0,0,1,0,0,1,1,0,0,0,0,1,0,0,0,1,0,1,1,0
-0.0212196557960067,DCBA,0,1,0,0,1,1,1,0,1,0,1,0,1,1,0,1,1,1,1,1
-0.0565649576128483,DCBA,0,0,1,0,0,0,0,1,0,0,0,1,0,1,1,1,0,1,1,0
1.27374744319256,DCBA,NA,0,1,1,0,1,1,1,0,0,1,0,1,1,0,1,1,1,1,0
-0.452174715820249,DCBA,0,1,0,0,0,1,1,0,0,0,0,0,0,0,0,1,0,1,0,0
1.47456247789055,DCBA,1,0,0,0,1,1,1,0,0,0,1,0,1,1,0,1,1,1,1,1
-0.289613881108292,DCBA,1,0,0,0,1,1,0,0,1,0,0,0,0,0,0,1,1,1,1,0
-0.303979087072824,DCBA,0,1,0,0,0,0,0,NA,0,0,0,0,0,1,0,NA,1,1,1,1
-0.144115735513645,DCBA,0,1,1,0,0,1,1,0,0,0,0,1,0,0,0,1,0,0,1,0
-1.40732248308599,DCBA,0,0,1,1,1,1,0,1,0,0,0,1,0,1,1,1,0,0,1,1
-0.362952074804602,DCBA,1,0,0,0,0,1,1,0,0,0,0,0,0,1,0,1,1,1,0,0
0.160813892617715,DCBA,0,1,0,1,1,1,1,0,1,0,0,1,0,0,0,1,1,1,0,0
-0.783057199141547,DCBA,0,0,0,0,0,0,0,1,1,0,0,1,0,0,1,1,0,0,1,1
-0.148209291700296,DCBA,1,0,1,0,0,1,1,0,0,0,1,0,1,1,0,1,1,1,1,1
-1.05986357007834,DCBA,0,0,1,1,0,1,0,1,0,0,0,1,0,1,0,1,0,1,0,1
1.41007218401916,DCBA,0,0,1,1,0,1,1,1,0,0,0,1,0,0,0,1,1,1,0,0
1.0861293117145,DCBA,1,0,0,0,0,1,1,0,0,0,0,0,0,1,1,1,0,1,0,0
1.36622665215011,DCBA,0,0,0,0,0,0,0,1,1,0,0,1,0,1,1,1,0,0,1,1
2.03376755742927,DCBA,1,0,0,1,0,1,0,1,1,0,1,0,0,1,0,0,0,0,1,1
0.375132144636188,DCBA,0,1,0,0,0,0,0,0,0,1,1,0,0,0,0,1,1,1,1,1
-0.437851534432864,DCBA,0,1,0,0,0,0,0,1,1,0,0,0,0,0,0,0,0,0,1,1
0.512199337336599,DCBA,1,0,1,1,0,1,1,0,0,1,0,1,0,1,1,1,0,0,1,1
-0.152940774276897,DCBA,0,0,1,1,0,1,0,0,1,1,0,1,0,0,0,1,1,1,1,0
-1.2976119280258,DCBA,0,1,0,0,0,0,1,0,0,0,0,0,0,1,0,0,0,1,1,1
0.30164632057068,DCBA,1,0,0,0,1,1,0,0,1,0,0,0,0,0,0,1,1,1,1,0
-1.77979534828775,DCBA,0,0,0,0,0,1,1,1,1,0,0,0,0,1,0,1,1,1,1,1
0.265740356172465,DCBA,0,1,0,0,0,1,1,0,1,0,0,0,0,0,0,0,0,1,0,0
1.47868581672828,DCBA,0,1,0,0,0,0,0,1,0,0,1,1,0,1,0,1,1,1,1,1
1.45537664416097,DCBA,1,1,0,0,0,0,0,1,0,0,0,0,0,0,0,1,1,1,1,0
0.709484124515064,DCBA,1,0,1,1,0,1,1,0,0,0,1,0,1,0,0,0,0,1,1,0
0.600393148965682,DCBA,1,0,1,0,0,1,1,0,1,0,0,0,0,0,1,1,0,1,0,1
0.811003633302456,DCBA,1,0,1,1,0,1,1,0,1,1,0,1,0,1,1,1,1,1,1,0
1.98939622921941,DCBA,1,0,0,0,0,1,1,0,0,0,0,0,0,0,0,1,0,0,1,1
0.592449300732692,DCBA,1,0,1,1,0,0,0,1,1,1,0,1,0,1,0,1,1,1,1,0
2.17128328427977,DCBA,1,0,0,0,1,0,0,1,1,0,0,1,0,0,0,1,1,0,1,0
0.034082943743597,DCBA,1,0,1,0,0,1,0,1,0,1,0,1,0,0,0,1,1,1,1,0
1.53909524977155,DCBA,1,0,1,0,0,1,1,0,1,0,0,1,0,0,0,1,1,1,1,1
0.411868108919235,DCBA,0,0,1,1,0,1,1,0,1,1,0,1,0,1,1,1,0,0,1,1
0.82542863241638,DCBA,1,0,0,0,0,1,1,0,0,1,0,1,0,0,0,1,1,1,1,0
1.56236278427438,DCBA,1,0,0,0,1,1,0,1,0,0,0,0,1,NA,0,0,0,1,0,1
1.73167871960298,DCBA,1,1,1,1,0,1,0,1,1,0,0,1,0,0,0,1,1,1,1,1
1.52689660892551,DCBA,0,1,0,0,0,0,0,1,1,1,0,1,0,1,1,1,0,0,1,0
1.08503935252883,DCBA,0,0,1,NA,0,1,1,0,1,0,0,0,0,1,0,1,1,1,1,1
0.173874044394634,DCBA,1,0,0,0,0,1,1,1,0,0,1,0,0,0,1,0,0,1,0,0
-0.96121932011181,DCBA,0,0,1,1,0,1,1,0,0,0,1,1,0,1,1,1,0,0,1,1
-0.28149129187836,DCBA,0,0,1,0,1,1,1,0,1,0,0,1,0,0,0,1,1,1,1,0
-0.192511939786408,DCBA,0,0,1,0,0,0,0,1,1,0,NA,0,1,1,0,1,1,1,1,1
0.326725337392403,DCBA,1,0,1,0,0,0,0,1,1,0,0,1,0,0,1,1,0,0,1,1
-0.380001893968319,DCBA,0,0,1,1,0,1,1,0,0,0,0,0,0,0,0,0,0,1,0,0
2.67569460209139,DCBA,1,0,1,0,0,1,1,0,0,0,0,1,0,0,0,1,1,1,1,1
0.287059955187394,DCBA,0,0,1,0,1,1,1,1,0,0,0,0,0,0,0,1,1,1,1,1
0.19753355641074,DCBA,1,1,0,0,0,0,0,1,0,0,0,0,0,1,1,1,0,1,1,1
1.09608804628013,DCBA,1,1,0,0,0,0,0,1,0,0,1,0,1,1,0,1,1,0,1,1
1.54688003824502,DCBA,1,0,0,0,1,1,1,0,1,1,0,1,0,0,0,1,0,0,1,1
1.71442600440547,DCBA,1,0,0,0,1,1,1,0,0,1,0,1,0,0,1,1,0,0,1,1
1.28576239307171,DCBA,0,0,0,0,1,1,0,1,1,1,0,1,0,0,0,1,1,1,1,1
0.354478858022155,DCBA,0,0,1,1,0,1,1,0,0,0,1,0,1,1,0,1,1,1,1,1
0.676903020321974,DCBA,1,0,1,0,0,1,1,0,0,0,0,0,0,0,0,1,1,NA,1,1
1.7654667689697,DCBA,1,0,1,0,1,1,0,1,0,0,1,0,1,1,0,1,1,1,1,1
-1.12738219088356,DCBA,NA,0,1,1,0,1,0,1,1,0,0,0,0,1,1,1,0,0,1,1
1.05197264617371,DCBA,1,0,1,NA,0,1,1,0,1,0,0,1,0,0,0,0,0,1,0,1
-1.34604214766213,DCBA,0,0,1,0,NA,1,0,0,0,1,0,1,0,0,0,1,1,1,0,0
-0.118117529581866,DCBA,0,1,0,1,0,1,1,0,1,0,0,0,1,1,0,1,1,1,1,1
-1.40996853658549,DCBA,0,1,0,0,0,1,0,1,1,1,0,1,0,0,0,1,1,1,1,1
-0.064093111734593,DCBA,1,0,1,1,1,1,1,0,1,0,0,1,0,0,0,1,1,1,1,0
0.161147137974034,DCBA,1,0,0,0,1,1,0,1,0,0,0,1,0,0,0,1,1,1,1,0
0.18455797501792,DCBA,0,0,1,0,0,0,0,1,1,0,0,1,1,0,0,0,0,1,0,0
-0.439857534734419,DCBA,0,1,1,0,0,0,1,0,0,1,0,1,0,0,0,1,0,1,0,0
1.85808740788622,DCBA,1,0,0,0,1,1,1,0,0,1,0,1,0,0,0,1,0,0,1,1
2.95394792012064,DCBA,1,0,1,1,0,1,1,0,0,1,1,0,1,1,0,1,1,0,0,1
0.293218441992042,DCBA,1,0,1,1,0,1,0,1,1,0,1,0,1,1,0,1,1,1,1,0
-1.54561568555965,DCBA,0,0,0,0,0,0,1,0,0,1,0,1,1,1,0,0,0,1,1,0
1.18719637636621,DCBA,0,0,1,1,0,1,1,0,0,0,0,1,0,0,0,1,1,1,1,1
1.5651614089994,DCBA,0,1,0,0,0,0,0,0,1,0,0,0,1,1,0,1,1,1,0,0
1.78499411287548,DCBA,NA,0,1,1,0,1,1,0,0,0,0,1,0,0,0,1,0,1,0,0
0.577376537373422,DCBA,0,0,1,0,1,1,0,1,1,1,0,0,0,0,0,0,0,1,0,1
-0.471513425211944,DCBA,1,0,1,0,1,1,0,1,0,1,0,1,0,1,1,1,0,1,1,1
1.91803362329556,DCBA,0,1,1,1,0,0,1,0,1,0,1,0,0,1,0,1,1,1,1,0
1.85540851590728,DCBA,0,1,1,0,0,1,0,1,1,0,0,0,0,0,1,1,0,0,1,0
0.237257237379774,DCBA,1,0,1,1,0,0,0,1,0,0,0,0,0,0,0,0,0,1,0,0
-1.21149298436926,DCBA,0,1,0,0,0,0,0,1,0,1,0,1,0,0,0,0,0,1,0,0
-0.864072286090661,DCBA,1,1,0,0,1,0,0,1,1,0,1,0,1,1,0,1,0,1,0,0
-1.2537900101271,DCBA,0,1,1,0,0,0,0,1,0,0,1,0,1,1,0,1,1,1,1,1
0.923561991848251,DCBA,0,1,0,0,0,1,0,1,1,0,1,0,1,1,0,1,1,1,1,1
0.814459096145952,DCBA,1,0,0,0,0,1,1,0,0,0,0,0,0,0,0,1,1,1,1,0
1.50574022098686,DCBA,1,0,1,0,0,0,1,0,1,1,0,1,0,1,1,1,1,1,NA,NA
-0.519798774520769,DCBA,1,0,0,0,0,1,1,0,1,0,0,1,0,0,1,1,1,1,1,1
2.46595328420908,DCBA,0,0,1,1,0,1,1,1,1,0,0,1,0,0,0,1,1,0,1,1
-0.262255486081627,DCBA,1,0,1,0,1,1,0,1,0,0,0,1,0,0,0,1,1,1,1,0
0.487878653424425,DCBA,0,1,0,0,0,1,1,0,1,0,0,0,1,1,0,0,1,1,1,1
1.31709530152725,DCBA,1,0,0,0,1,1,1,0,1,0,0,0,0,0,1,1,0,0,1,1
2.12820235515184,DCBA,1,0,0,0,0,0,0,1,1,1,0,0,0,0,1,1,0,0,1,1
-0.308465607978911,DCBA,1,0,1,0,1,1,0,1,0,0,0,1,0,0,0,0,0,1,0,0
-0.270487808863075,DCBA,0,0,0,0,0,1,1,0,0,0,1,0,1,1,0,1,1,0,1,1
2.73205331277595,DCBA,0,1,0,0,0,1,0,1,0,0,1,0,1,1,0,1,0,0,1,1
0.677996341959899,DCBA,0,0,1,1,0,1,1,0,1,0,1,0,1,1,0,1,1,1,1,NA
-0.528806138489075,DCBA,0,0,0,0,1,1,0,1,1,0,0,1,0,0,0,1,0,0,1,0
2.11489842823851,DCBA,0,0,1,1,1,1,0,1,0,0,1,0,0,1,0,1,1,1,1,0
-0.23483043863902,DCBA,0,0,1,1,0,1,1,0,1,0,1,1,0,1,1,1,0,0,0,0
-1.68363268234962,DCBA,0,1,0,0,0,1,1,0,1,0,0,1,1,1,0,1,1,1,1,0
0.584319915664113,DCBA,0,0,0,0,1,1,0,1,0,0,0,0,0,0,0,1,1,1,1,0
2.39871808494991,DCBA,0,0,1,0,0,1,1,0,1,0,0,1,0,1,1,1,1,1,1,1
1.27638045042622,DCBA,0,0,1,1,0,1,1,0,1,0,0,0,0,0,0,1,1,0,1,1
-0.961730209932648,DCBA,0,1,0,0,0,0,1,0,0,0,1,0,1,0,0,0,0,1,1,1
0.755279137722006,DCBA,0,0,1,NA,0,1,1,0,1,0,0,0,0,0,0,1,1,1,1,0
0.731918181694591,DCBA,1,0,1,0,0,1,0,1,0,0,0,0,0,0,0,0,0,1,0,0
0.918725432988225,DCBA,1,0,0,0,1,1,1,0,1,0,0,1,0,0,1,1,0,0,1,1
0.931482988577665,DCBA,0,0,0,0,0,0,0,1,0,0,1,0,1,1,0,1,1,1,1,1
-0.180949143578696,DCBA,0,1,0,0,0,0,0,1,1,0,1,0,1,1,1,1,0,1,0,0
2.43436037717046,DCBA,0,1,0,0,0,0,1,0,1,0,0,0,0,0,0,0,0,1,0,0
-0.285574663820442,DCBA,0,1,0,0,0,1,0,0,0,1,0,1,0,0,0,1,0,0,1,1
-0.60960118761755,DCBA,1,0,1,0,0,1,0,1,0,0,1,1,0,0,0,1,1,1,1,0
1.12297719914752,DCBA,0,1,1,0,0,1,1,1,0,1,0,1,0,0,0,1,1,1,1,0
0.456035871253638,DCBA,1,0,0,0,0,0,0,1,1,0,1,0,1,1,0,0,0,1,1,1
-0.571908663797629,DCBA,0,0,0,0,0,1,1,0,0,0,1,0,1,1,0,1,0,0,1,1
1.23221040218932,DCBA,1,1,0,1,0,1,1,1,0,0,1,0,0,1,1,1,0,0,1,1
-0.550553175544058,DCBA,0,0,1,1,0,1,1,0,1,0,1,0,0,1,0,1,1,1,1,1
0.094101180869916,DCBA,1,0,0,0,0,0,NA,0,1,0,0,0,0,1,1,1,1,1,1,1
-1.11124186169154,DCBA,1,0,0,0,0,1,0,1,0,0,1,0,0,0,0,0,1,1,1,1
1.08881159663182,DCBA,0,1,0,0,0,0,0,1,0,1,0,0,1,1,0,1,0,0,1,1
-0.863987762081258,DCBA,0,0,0,0,0,1,1,0,0,1,0,1,0,1,1,1,0,0,1,1
0.452344041114371,DCBA,1,0,0,0,0,0,0,1,1,0,0,0,0,1,1,1,0,0,1,1
1.16459675400106,DCBA,1,0,1,0,0,1,1,1,0,0,0,1,0,0,0,1,1,1,1,NA
0.378006518364122,DCBA,0,0,1,1,0,0,0,1,0,0,0,NA,NA,NA,1,1,1,1,1,1
1.14397404460981,DCBA,0,0,1,0,0,1,0,1,1,0,1,0,1,1,0,1,1,0,0,0
-0.237599383346975,DCBA,0,1,0,0,0,1,1,1,1,1,0,1,0,1,1,1,0,0,1,0
3.21673427472092,DCBA,1,0,1,1,0,1,NA,NA,NA,0,NA,0,1,NA,0,0,0,1,1,1
-1.26950690933224,DCBA,1,1,0,0,0,1,1,0,1,0,0,0,0,1,1,1,0,0,1,NA
-0.19610643732802,DCBA,0,0,1,0,0,1,1,0,0,0,0,0,0,0,0,1,0,1,0,0
2.09143152016329,DCBA,0,0,0,0,1,1,0,1,1,0,0,1,0,1,1,1,0,0,1,0
0.706564747027856,DCBA,1,0,0,0,1,1,1,0,0,0,0,0,0,0,0,0,0,1,1,1
1.98768398687812,DCBA,0,0,1,1,0,1,1,0,1,1,0,1,0,1,1,1,0,0,1,0
0.247201853012655,DCBA,0,0,1,1,0,1,1,0,1,0,0,1,0,0,0,1,0,1,0,1
-0.195536410913044,DCBA,1,0,0,0,1,1,0,1,0,0,0,1,0,1,0,1,1,1,1,1
0.747271718326035,DCBA,0,0,1,1,0,0,1,0,1,0,1,0,1,1,0,1,1,1,1,1
2.08290134602963,DCBA,0,0,1,0,0,0,0,1,1,0,1,0,0,1,1,1,1,1,1,1
-0.343950282778483,DCBA,1,1,0,0,0,0,0,1,1,0,0,0,0,0,0,0,0,1,NA,NA
0.285489015027539,DCBA,0,1,0,0,1,1,1,0,0,1,0,1,0,1,1,1,1,1,1,0
-0.528146471742335,DCBA,1,0,0,0,1,1,1,0,1,0,1,0,0,1,0,1,1,1,1,1
-0.41508122308652,DCBA,0,0,0,0,1,1,0,1,1,0,0,0,0,0,0,0,0,1,0,0
0.405238154794417,DCBA,1,0,1,1,0,1,0,1,1,0,1,0,1,0,0,1,1,1,1,1
0.841533621787782,DCBA,0,1,1,1,1,1,1,1,0,0,0,1,0,0,0,1,1,1,1,0
0.612577135073045,DCBA,0,1,0,0,0,1,1,0,0,1,0,0,0,0,0,1,1,1,1,0
0.330853073409386,DCBA,0,1,0,0,0,1,0,1,0,0,1,0,0,0,0,0,0,1,0,0
0.118501151354498,DCBA,0,0,1,1,0,1,1,0,0,1,0,1,0,1,1,1,0,1,0,0
1.02088023326809,DCBA,1,0,0,0,1,1,0,1,0,0,0,1,0,0,1,1,0,0,1,1
-0.104385877268326,DCBA,0,1,0,0,0,1,0,0,1,1,0,0,0,0,0,0,0,0,1,1
0.714466575835151,DCBA,0,1,0,0,0,0,1,0,0,0,0,1,0,1,0,1,0,1,0,0
-0.871606216792598,DCBA,0,0,1,0,0,0,0,1,1,0,0,0,0,0,0,1,0,1,1,1
0.16597207060518,DCBA,1,1,0,0,0,0,0,1,1,0,0,0,1,1,0,1,1,1,1,1
0.340462782272823,DCBA,0,0,1,0,0,0,0,1,1,0,1,0,1,1,0,0,0,1,0,1
-0.791532556650821,DCBA,0,0,1,1,0,1,0,1,1,0,0,0,1,1,0,1,1,1,1,1
1.12056399080022,DCBA,1,0,0,0,1,1,1,0,1,1,0,0,0,0,0,1,1,1,1,0
-0.0480240986824874,DCBA,1,0,1,0,0,0,0,1,0,0,1,1,0,0,0,1,1,1,1,0
-0.448231873993795,DCBA,0,1,0,0,0,0,0,1,0,0,0,1,0,0,0,1,1,1,1,1
2.41483717613698,DCBA,0,0,1,1,0,1,0,1,0,1,0,1,0,1,0,0,0,1,1,1
0.265228463395737,DCBA,0,0,1,1,0,1,1,0,0,1,0,0,1,1,0,1,1,1,1,0
0.211720723851635,DCBA,1,0,1,0,1,1,0,1,0,0,0,1,0,0,0,1,1,1,1,1
-0.141543560214484,DCBA,0,1,0,0,0,1,1,0,0,1,1,0,1,0,0,1,1,1,1,0
-1.26038408798338,DCBA,0,0,1,0,0,1,1,0,1,0,0,0,1,1,0,1,1,1,1,1
1.18796764701413,DCBA,1,1,0,0,1,1,0,0,1,1,1,0,1,1,1,1,0,0,1,1
-0.470877196944539,DCBA,0,1,0,0,0,NA,0,0,0,0,1,0,1,1,0,1,0,0,1,1
-0.0569587252692587,DCBA,0,1,0,0,0,1,1,0,0,0,0,0,0,1,1,1,0,1,0,0
2.50558400374063,DCBA,0,1,0,0,0,0,0,0,1,0,0,1,0,0,0,1,1,1,1,1
1.72594603063942,DCBA,1,0,1,1,0,1,1,0,1,1,0,1,0,1,1,1,0,1,1,0
-0.25814256627008,DCBA,0,1,0,1,0,1,0,1,1,0,1,0,1,1,1,1,1,0,1,0
0.227403824432927,DCBA,1,0,1,0,0,1,0,1,1,0,0,0,1,1,0,0,0,0,1,1
-0.818620767633858,DCBA,0,1,0,0,0,0,0,1,0,0,0,1,1,1,0,1,1,0,1,0
1.30493730385849,DCBA,0,0,1,1,0,1,1,0,0,0,0,1,0,0,0,1,1,1,1,1
1.35241413692732,DCBA,1,0,1,0,0,1,0,1,1,0,0,1,0,0,0,1,1,1,1,1
-1.77567572184381,DCBA,1,1,0,0,1,NA,0,1,1,0,0,1,0,1,1,1,0,1,1,1
-1.02068800149308,DCBA,0,0,0,0,0,0,1,0,1,1,0,1,0,0,0,1,1,1,1,1
2.27150375535332,DCBA,0,0,1,1,0,1,1,1,1,0,0,1,0,1,1,1,0,0,1,NA
-1.06552351926763,DCBA,0,0,1,1,0,0,0,0,0,0,0,1,0,0,0,1,0,0,1,1
-0.546822051925697,DCBA,1,0,0,0,1,1,0,1,0,0,1,0,1,1,0,1,1,1,1,1
-0.458310132243551,DCBA,1,1,0,0,0,0,0,1,1,1,0,1,0,0,0,0,0,1,1,0
0.676019170838536,DCBA,1,0,1,0,1,1,1,0,0,0,0,0,0,0,0,1,1,1,1,0
-1.61076427913604,DCBA,0,1,0,0,0,1,0,0,0,1,1,0,1,1,0,1,1,1,1,1
-0.215528386799713,DCBA,1,0,0,0,1,1,0,0,1,1,0,1,0,1,1,1,1,1,1,1
-0.153864515093844,DCBA,1,0,1,0,0,1,1,0,0,0,0,1,1,1,0,1,0,1,1,0
1.5274134833534,DCBA,NA,0,1,0,0,1,1,0,0,0,0,1,0,0,0,0,0,1,1,0
2.26563642397952,DCBA,0,0,1,1,0,1,1,0,1,1,0,1,0,0,0,1,0,0,1,0
0.181861082103211,DCBA,0,1,0,0,1,1,0,1,0,0,0,0,0,1,0,1,1,1,1,1
0.137242512183781,DCBA,0,1,0,0,0,1,0,1,1,0,0,0,0,1,0,1,1,1,0,0
-1.37238264646377,DCBA,1,0,0,0,0,1,1,0,1,1,0,1,0,1,1,1,0,0,1,1
-0.0970357266029797,DCBA,0,1,0,1,0,1,1,1,1,0,0,1,0,1,1,0,0,1,0,0
-0.313709500728669,DCBA,0,0,0,0,1,1,0,1,0,0,0,1,0,0,1,1,0,1,1,1
2.55970608248929,DCBA,1,0,1,NA,0,1,1,0,0,1,0,1,0,1,1,1,0,1,0,0
1.21491627878388,DCBA,0,0,1,0,1,1,0,1,1,1,0,1,0,1,1,1,0,1,1,1
2.5582043543073,DCBA,1,0,1,0,0,1,0,1,1,0,0,1,0,1,0,1,1,1,1,1
-0.052818871479642,DCBA,0,0,1,1,1,1,0,1,1,0,1,0,1,1,1,1,0,0,1,1
0.833980571524207,DCBA,0,0,1,0,0,1,1,0,1,1,0,1,0,0,0,0,0,1,0,0
0.851643340371691,DCBA,1,0,1,0,0,1,1,0,0,0,0,0,0,0,1,1,0,0,1,1
0.466319803792084,DCBA,1,0,0,0,1,1,0,0,0,1,0,1,0,1,1,1,1,1,1,0
-1.59119254288314,DCBA,0,1,0,0,NA,1,0,1,0,0,1,0,1,1,0,1,0,1,0,1
0.998845774213773,DCBA,0,1,0,0,1,1,0,1,0,0,0,0,1,0,0,0,1,1,1,0
-0.462242014182088,DCBA,0,0,NA,0,0,0,0,1,1,1,0,1,1,1,0,1,1,1,1,1
-0.0942751914847945,DCBA,0,0,1,0,0,1,1,1,0,0,1,0,1,1,0,1,1,1,1,1
0.44111974262314,DCBA,0,0,0,1,0,1,1,0,0,0,0,1,0,1,1,1,0,0,1,0
-0.337084370822242,DCBA,1,0,0,0,1,1,1,0,1,0,0,0,0,0,0,1,1,1,1,1
-0.552784771275152,DCBA,1,0,1,0,0,1,0,1,1,1,0,1,0,1,1,1,0,1,1,1
-0.381927716866745,DCBA,1,0,1,0,0,0,0,1,1,1,0,1,1,1,0,1,1,1,1,1
1.72266604182306,DCBA,1,0,0,0,1,1,0,0,0,1,0,1,0,1,1,1,0,0,1,0
-1.08779896847317,DCBA,1,0,1,1,0,1,1,0,0,0,1,0,0,0,0,1,1,1,1,0
0.677471604321688,DCBA,1,0,1,1,0,1,1,0,0,0,0,0,0,0,0,1,0,1,0,1
0.624361506644952,DCBA,1,0,1,1,0,1,1,0,1,0,0,0,0,0,0,1,1,1,1,0
-0.261714620061659,DCBA,0,0,1,0,0,1,0,1,1,0,0,1,0,1,1,1,0,0,1,1
0.8338467762895,DCBA,0,1,0,0,0,1,1,0,0,0,0,1,0,1,NA,1,1,1,1,0
-0.322395320734657,DCBA,1,0,1,0,0,0,0,1,0,0,0,0,0,0,0,0,0,1,0,1
2.27649076839397,DCBA,1,0,0,0,0,0,0,0,1,1,0,1,0,1,1,1,0,1,1,1
3.08866732981852,DCBA,0,0,1,1,0,1,0,1,0,0,0,1,0,0,0,0,0,1,1,0
-0.0948305989369056,DCBA,0,0,1,1,0,1,1,0,0,1,0,0,1,1,0,1,1,1,1,1
1.59866647374628,DCBA,1,0,0,0,0,1,1,1,1,0,0,0,0,0,0,0,0,1,1,0
1.52673472720971,DCBA,1,0,1,0,0,1,0,1,0,0,0,1,0,1,0,1,0,1,1,1
-0.122547119732315,DCBA,0,0,1,1,0,1,NA,1,0,1,0,1,0,1,1,1,1,1,1,1
-0.192364825697904,DCBA,1,0,0,0,0,1,1,0,1,0,NA,1,0,0,1,1,0,0,1,1
-0.505491663488542,DCBA,0,0,0,1,0,1,0,1,0,0,0,1,1,0,0,1,1,1,0,1
-0.389368048311584,DCBA,1,0,0,0,1,1,1,0,0,0,0,0,1,0,0,0,0,1,1,0
-0.367160365257402,DCBA,1,0,0,0,0,0,0,0,0,0,0,1,0,0,0,1,0,0,1,1
0.870185229106484,DCBA,1,0,1,0,0,1,0,1,0,1,0,0,0,1,0,1,1,1,1,0
1.80664256755258,DCBA,0,0,1,0,0,1,1,0,0,1,0,0,0,0,0,0,0,1,0,0
1.05410112554887,DCBA,1,0,0,0,1,1,0,1,0,0,1,1,0,0,0,1,1,1,1,0
1.05472449482012,DCBA,1,0,0,0,1,1,0,1,0,0,0,0,0,0,0,1,0,1,1,0
0.543519838564772,DCBA,0,0,1,1,0,1,1,0,1,0,0,0,0,0,0,0,0,1,0,0
-1.41864139329129,DCBA,1,1,0,0,0,1,0,0,0,0,0,1,1,1,0,1,1,1,1,0
0.0562990774536976,DCBA,0,1,1,1,0,0,0,1,1,0,0,1,0,0,0,0,0,1,1,0
0.993309312311647,DCBA,1,0,0,0,1,1,0,0,1,1,0,0,0,0,0,0,0,1,1,0
0.84311188857744,DCBA,1,0,0,0,0,1,0,0,1,0,0,0,0,0,0,0,0,1,0,0
0.834864885579796,DCBA,NA,0,0,0,0,0,0,1,1,0,0,0,1,1,0,1,1,1,1,1
0.107145332955994,DCBA,0,0,1,1,0,1,1,0,0,1,0,1,0,1,0,1,0,0,1,1
2.38666534444806,DCBA,1,0,0,1,0,0,1,1,1,0,0,1,0,1,1,1,0,0,1,0
0.435499681476859,DCBA,0,0,1,1,0,1,1,0,1,0,0,0,0,0,0,0,0,1,0,0
2.14866583240853,DCBA,0,0,0,0,1,1,1,0,1,0,0,0,1,1,1,0,0,1,1,1
0.858382831453485,DCBA,0,1,0,0,0,0,1,1,0,1,0,1,0,0,0,1,0,1,0,0
1.11946245003124,DCBA,0,0,1,1,0,1,1,0,1,0,0,0,0,0,0,0,0,1,0,0
-1.0712893863128,DCBA,1,0,1,0,0,1,0,1,0,0,1,0,1,1,0,0,0,1,0,0
2.86962378058098,DCBA,1,0,0,0,1,1,1,0,0,0,1,0,1,1,0,1,1,1,1,1
-0.752676792929613,DCBA,1,0,1,NA,0,0,1,0,1,0,1,0,1,1,0,1,1,1,1,1
1.12147842579063,DCBA,0,0,1,0,0,1,0,1,1,0,0,0,0,0,0,1,0,0,1,1
0.444139539180819,DCBA,NA,NA,0,0,0,1,0,1,1,0,0,0,1,1,0,1,1,1,0,0
0.265909316530468,DCBA,1,0,0,0,1,1,0,0,1,1,0,0,1,1,0,1,1,1,1,1
1.45028265428432,DCBA,0,1,1,0,0,1,1,0,0,0,1,0,0,1,0,0,1,1,1,1
0.930552661454611,DCBA,1,0,1,0,0,1,1,0,0,1,0,1,1,1,0,1,0,1,1,1
-0.103776396271301,DCBA,0,0,1,0,0,1,1,0,0,1,0,1,0,1,1,1,1,1,1,1
-0.8689101538793,DCBA,0,1,0,1,0,1,0,1,1,0,0,0,NA,1,0,0,0,1,0,0
0.16307750164259,DCBA,0,0,1,1,0,1,0,1,0,0,0,1,0,0,0,1,1,1,1,1
1.09499527382242,DCBA,0,0,1,1,0,1,1,0,1,0,0,0,0,0,0,0,0,1,0,0
1.95393400221749,DCBA,0,0,1,0,0,0,1,0,1,0,0,0,0,0,0,1,1,1,1,1
1.21729457561896,DCBA,1,0,0,0,1,1,0,0,0,0,0,0,0,0,0,0,1,1,0,0
1.00741479070153,DCBA,1,0,1,0,0,0,0,0,0,0,0,0,1,1,0,1,1,1,1,0
1.80457294986991,DCBA,0,0,0,0,1,1,1,0,1,1,0,0,0,0,0,0,0,1,0,0
0.997422655584237,DCBA,1,1,0,0,1,NA,0,1,NA,1,0,NA,0,1,1,1,0,0,1,0
0.9996631022429,DCBA,1,0,1,0,0,1,0,1,0,0,0,0,1,0,0,0,0,1,0,0
-2.52390233325481,DCBA,1,0,0,0,1,1,0,1,0,1,1,0,1,0,0,1,1,0,1,1
1.79203136800486,DCBA,1,0,0,0,1,1,0,1,0,0,0,0,0,0,0,0,0,1,1,1
0.608400219096587,DCBA,1,0,0,0,1,1,0,0,0,0,0,0,0,0,0,0,0,1,0,1
0.687261394219321,DCBA,1,0,0,0,0,0,0,1,1,0,0,1,0,1,1,1,0,0,1,0
-0.645853253897471,DCBA,0,0,0,0,1,1,0,1,0,1,0,1,0,1,0,1,1,0,1,0
1.36637566950255,DCBA,1,0,0,0,1,1,0,1,0,0,1,0,1,1,0,1,1,1,1,1
-0.299609089037697,DCBA,0,0,1,0,0,0,0,1,1,0,1,0,1,1,0,1,1,1,1,1
1.43959562849923,DCBA,0,0,1,1,0,1,1,0,0,0,1,0,1,0,0,1,1,1,0,0
0.852163680648969,DCBA,1,1,0,0,0,1,0,1,1,0,0,0,0,0,0,1,1,1,0,0
-0.603077025874681,DCBA,0,0,1,1,0,1,1,0,0,0,0,1,0,0,0,0,1,1,1,1
0.900326926009545,DCBA,1,0,0,0,1,1,0,1,0,NA,0,1,0,0,0,1,1,1,1,0
-0.152004900805356,DCBA,1,0,1,1,0,1,1,0,1,0,0,0,1,1,1,1,0,0,1,1
-1.01121918488578,DCBA,1,0,1,0,0,1,1,0,0,0,0,1,0,0,0,1,0,1,1,0
0.705137506673323,DCBA,0,0,1,0,1,1,1,0,0,1,1,0,1,1,0,1,1,1,1,1
0.598900089315603,DCBA,1,0,0,0,1,1,0,1,1,0,0,0,0,0,0,0,0,1,0,0
-0.103817060003824,DCBA,0,0,1,1,1,1,0,1,0,1,0,1,0,1,1,1,0,0,1,1
1.5243521402063,DCBA,NA,1,0,0,0,1,1,0,1,1,0,0,0,0,1,1,1,1,1,1
-0.393383854381259,DCBA,0,0,0,0,1,1,0,1,0,1,0,0,1,1,0,1,1,0,1,0
0.454669078950735,DCBA,1,0,1,0,0,1,1,1,1,0,1,0,1,1,0,1,1,1,1,1
-0.724677724815271,DCBA,0,1,0,0,1,1,0,1,0,0,0,1,0,0,0,1,1,1,1,0
-0.732612454581001,DCBA,0,0,1,1,0,1,1,0,1,1,0,1,0,1,1,1,0,0,1,1
1.60094569997755,DCBA,1,0,0,1,0,1,1,1,1,0,0,1,0,1,1,1,0,1,1,0
-0.284621406312646,DCBA,1,0,1,0,1,1,1,0,1,1,0,1,0,1,0,1,1,1,1,0
0.802768800352769,DCBA,0,1,0,0,0,0,0,1,1,0,1,0,1,1,0,1,1,0,1,1
0.0659291842169267,DCBA,0,0,1,1,0,0,0,1,1,0,0,0,0,1,0,1,1,1,1,1
1.59775691379076,DCBA,1,0,0,0,1,1,0,1,0,0,0,0,0,0,NA,1,0,NA,0,1
-0.40518932808732,DCBA,1,0,1,0,0,0,1,0,1,0,1,1,0,0,0,1,1,1,1,1
1.19373251969208,DCBA,1,0,1,0,1,1,0,0,0,0,0,0,1,1,0,1,1,1,1,1
-1.16498904041044,DCBA,1,0,0,0,1,1,1,0,0,1,1,0,0,0,0,1,1,1,1,0
0.239231566537605,DCBA,1,0,0,0,1,1,0,0,1,1,0,1,0,0,1,1,1,1,1,0
-0.360525002125507,DCBA,0,0,1,1,0,1,0,1,0,1,0,1,0,1,0,1,1,1,NA,0
-0.0654214500909307,DCBA,1,0,1,1,0,1,1,0,1,0,1,0,0,1,1,1,0,0,0,0
0.0867354748946162,DCBA,1,0,1,0,0,1,0,1,1,0,0,0,0,0,0,0,0,1,0,0
0.293022434012727,DCBA,1,0,0,0,1,1,0,1,1,0,0,0,0,NA,0,0,0,1,1,1
1.5821025888553,DCBA,1,0,0,0,1,1,0,1,0,1,0,1,0,1,1,1,0,1,0,0
1.33796328321542,DCBA,1,0,1,0,0,1,1,0,1,0,1,0,1,0,0,1,0,0,1,0
1.2174334283661,DCBA,1,0,1,0,0,1,1,0,1,0,1,1,0,0,0,1,1,1,1,0
-0.712886832981246,DCBA,1,1,0,0,0,1,1,0,0,0,0,1,0,1,1,1,0,1,0,0
0.079568011544282,DCBA,1,NA,0,0,0,1,1,0,0,0,0,0,0,1,1,1,0,0,1,1
2.10080902589517,DCBA,1,0,1,1,0,1,0,1,0,NA,0,1,0,NA,1,1,1,1,1,0
0.57610367931959,DCBA,0,0,1,0,0,1,1,0,0,1,0,1,0,1,1,1,0,0,1,0
3.82256044251746,DCBA,1,0,0,0,0,1,0,0,0,0,0,0,0,1,NA,1,1,1,1,0
1.1950392599083,DCBA,1,0,0,0,0,0,0,0,1,0,1,0,1,1,1,1,0,0,1,0
1.13844721739575,DCBA,1,0,0,1,0,1,0,1,1,0,1,0,1,1,0,0,0,1,1,1
0.105354271429725,DCBA,1,0,0,0,0,1,1,0,0,0,1,0,NA,NA,0,1,NA,NA,1,0
0.469408340788368,DCBA,1,0,0,1,0,1,1,0,0,0,0,1,0,1,1,1,1,1,1,0
1.52910107267511,DCBA,1,0,1,0,1,1,0,1,0,0,1,0,1,1,0,1,1,1,1,1
0.446781366962077,DCBA,1,0,0,0,1,1,1,0,1,1,0,1,1,1,0,1,0,0,1,1
0.537593226170682,DCBA,0,0,1,1,0,1,1,1,0,0,0,1,0,1,1,1,0,0,1,1
0.912006990296438,DCBA,0,1,0,0,0,1,1,0,1,0,0,1,1,0,0,1,1,1,1,1
0.330100213774092,DCBA,0,0,1,0,1,1,0,0,0,0,0,0,0,1,0,0,0,1,0,1
0.106540734822298,DCBA,1,0,0,0,1,1,1,0,0,0,0,1,0,0,0,1,1,1,1,1
0.0521292479528608,DCBA,0,1,0,1,0,1,1,0,1,0,0,0,0,0,0,0,0,1,0,0
1.48782086403073,DCBA,1,0,1,0,0,0,0,1,1,0,1,1,0,1,0,1,1,1,1,0
-0.400061208617068,DCBA,1,0,0,0,1,1,0,1,0,0,0,0,0,0,0,1,1,1,1,1
0.706170732826043,DCBA,1,0,1,1,0,1,0,0,1,1,0,1,0,1,0,1,1,1,1,1
0.835404883906753,DCBA,0,0,1,0,0,1,1,0,1,1,0,1,0,1,1,1,0,1,0,0
0.139514567328378,DCBA,0,1,0,0,0,0,0,1,1,1,0,1,1,1,0,0,0,0,0,0
0.121527011009775,DCBA,1,0,1,0,1,1,0,1,0,0,0,0,0,0,0,0,0,1,0,0
1.68565325240276,DCBA,1,0,1,1,0,1,1,0,0,0,1,0,0,0,0,1,1,1,1,1
0.0709341193214239,DCBA,1,0,1,1,0,1,1,0,1,0,1,0,1,1,0,0,0,1,0,0
0.812664350155032,DCBA,0,1,0,0,0,0,0,1,1,0,0,1,0,0,0,0,1,1,1,1
-0.207794634710132,DCBA,1,0,1,0,1,1,0,1,1,1,0,1,0,1,0,1,1,1,1,0
-1.36506452178761,DCBA,0,1,0,0,0,0,1,1,0,1,0,0,0,0,0,1,1,1,1,1
1.73635161824524,DCBA,0,0,1,1,0,1,1,0,1,0,0,1,0,0,0,1,1,1,1,0
2.7918285671435,DCBA,1,0,1,1,0,0,0,0,1,0,1,0,1,0,0,1,1,1,1,0
-0.0953150232443407,DCBA,1,0,0,0,1,1,0,1,0,1,0,1,0,0,0,1,1,1,1,0
-1.01936819785457,DCBA,0,0,0,0,0,1,1,0,0,1,0,0,0,0,0,0,1,1,1,0
-0.285626368050362,DCBA,0,1,0,0,0,0,1,0,0,1,0,1,0,1,0,1,1,1,1,0
1.68974783728468,DCBA,1,1,0,0,1,0,1,NA,1,1,0,1,0,1,1,1,0,0,1,0
1.73419612483146,DCBA,1,0,0,0,0,0,0,1,1,1,0,0,1,1,0,1,1,1,1,0
-1.13836201167105,DCBA,1,0,1,0,0,1,0,1,0,1,0,1,0,1,1,1,0,0,1,1
-0.568552947026646,DCBA,0,1,0,0,0,0,1,0,1,0,0,1,0,0,0,1,1,1,1,0
0.456186280815505,DCBA,1,0,0,0,0,0,1,0,1,0,1,0,0,0,1,1,1,NA,1,0
1.5971000832191,DCBA,1,1,1,0,1,1,0,1,1,0,1,0,1,0,0,1,1,1,1,0
-0.965287104018092,DCBA,0,0,1,1,0,1,0,1,0,0,0,1,0,1,1,1,0,1,0,0
1.24148369275497,DCBA,0,1,0,0,0,0,1,1,1,1,0,1,0,1,1,1,0,1,1,0
-0.190635114473006,DCBA,1,0,1,0,0,1,1,0,1,1,0,1,0,0,0,0,0,1,0,0
1.10981490114455,DCBA,1,0,1,0,0,0,0,0,1,0,0,1,0,0,0,0,0,1,0,0
-1.32514378521944,DCBA,1,0,0,0,1,1,1,0,0,0,0,1,0,0,0,0,0,1,0,0
0.616017398618521,DCBA,0,0,1,0,0,0,0,1,1,0,1,1,0,1,1,1,0,0,1,1
-0.20164906413444,DCBA,0,1,1,1,0,1,0,1,0,0,0,0,0,0,0,1,1,1,1,0
0.0150032268061314,DCBA,0,1,1,0,0,1,1,0,0,0,0,1,0,1,1,1,0,1,1,0
0.086251721688227,DCBA,0,0,1,1,0,0,0,1,1,0,0,1,0,1,0,1,1,1,1,0
0.876076935337062,DCBA,1,0,0,0,0,1,0,1,0,1,0,1,0,0,0,1,1,1,1,0
-0.792035117822682,DCBA,0,0,1,1,0,1,1,0,1,0,0,0,1,1,0,1,0,1,1,1
1.49544789379907,DCBA,1,0,1,0,0,1,1,0,1,0,0,0,0,0,1,1,0,1,1,1
-0.553691436768226,DCBA,1,0,1,1,0,1,0,1,0,1,0,0,0,0,0,0,0,1,1,0
1.34973591815293,DCBA,1,0,1,0,0,0,1,0,1,0,1,0,1,1,0,1,1,1,1,1
-1.23564798469589,DCBA,1,0,1,1,0,0,0,0,1,0,0,0,0,0,0,0,0,0,1,1
1.35319216036206,DCBA,0,1,0,0,0,1,0,1,1,0,1,0,1,1,0,1,1,1,1,1
-1.59193626612678,DCBA,0,1,0,0,0,0,0,1,1,0,0,1,0,0,0,0,0,0,1,1
1.28413663988643,DCBA,1,0,0,0,1,1,0,1,1,0,1,1,0,1,1,1,1,1,1,1
1.10643136081662,DCBA,1,0,1,0,0,1,1,0,0,0,0,1,0,1,1,1,0,0,1,1
-0.470090637545029,DCBA,1,0,1,0,1,1,1,0,1,1,0,1,0,1,1,1,0,0,1,1
-0.291856137125701,DCBA,0,0,1,0,0,1,1,1,1,0,0,1,0,0,0,1,0,NA,0,1
0.480724268394435,DCBA,0,0,0,0,1,1,1,0,1,0,1,1,0,1,1,NA,0,NA,NA,1
-0.351673727178748,DCBA,0,0,1,1,0,1,1,0,1,0,0,0,0,0,0,1,1,1,1,1
2.22302036925064,DCBA,0,1,1,1,0,0,0,0,1,0,1,0,1,1,0,1,0,0,1,1
1.80812678706609,DCBA,0,1,0,0,0,0,0,1,0,0,1,0,1,1,1,1,0,1,1,1
1.39904407825351,DCBA,1,0,1,0,0,1,NA,NA,0,0,0,1,0,0,0,1,1,1,1,0
-0.47873261908323,DCBA,1,0,1,0,0,1,1,0,0,1,0,1,0,1,1,1,0,0,1,0
-1.40048481476375,DCBA,1,0,1,0,0,1,1,0,0,0,1,0,0,1,1,1,0,0,1,1
0.424907315825506,DCBA,0,1,0,0,0,0,1,0,1,0,0,0,0,0,0,1,0,0,1,0
1.40538592814312,DCBA,0,0,1,0,0,1,1,0,0,0,1,0,1,1,0,1,0,1,0,1
0.08729344164159,DCBA,1,0,1,1,0,1,1,0,1,0,0,0,0,1,1,1,0,0,1,1
0.761038973285406,DCBA,1,0,0,0,1,1,1,0,0,0,1,1,0,1,1,1,1,NA,1,NA
-0.342870365897206,DCBA,0,1,0,0,0,1,1,0,0,0,0,0,1,1,1,1,1,1,1,0
-0.416900349774038,DCBA,1,0,1,1,0,0,0,1,0,0,0,1,0,0,0,1,1,0,1,1
1.16062422539594,DCBA,0,0,1,1,0,1,1,0,0,1,0,1,0,0,1,1,0,0,1,1
0.781880025045791,DCBA,0,1,0,0,0,1,1,1,1,0,0,0,0,0,0,0,0,1,1,1
0.263992200916778,DCBA,1,0,1,0,0,1,1,0,0,0,0,1,0,0,0,0,0,1,0,0
0.695854573797845,DCBA,1,0,1,0,0,1,1,0,0,1,0,1,0,1,1,1,0,0,1,1
-0.398485497305345,DCBA,0,0,1,0,1,1,1,0,0,1,0,1,0,1,0,1,0,NA,1,1
2.48230389109222,DCBA,1,0,0,0,1,1,0,0,0,0,0,0,0,0,0,1,1,1,0,0
1.43852428644678,DCBA,1,1,0,0,0,0,0,1,1,0,0,1,0,0,0,1,1,1,1,0
-0.695318063331719,DCBA,0,0,1,1,0,1,0,0,1,0,0,0,0,0,0,0,0,1,1,0
-0.105733445545308,DCBA,0,1,0,0,1,1,0,1,1,0,1,1,0,1,0,1,1,1,0,0
0.487637895353983,DCBA,1,0,1,1,0,1,1,1,1,0,0,1,0,0,1,1,1,1,1,1
-0.113346529940349,DCBA,1,0,1,0,0,0,0,1,0,0,0,1,0,1,1,1,0,0,1,0
-0.722593586981995,DCBA,1,0,0,0,0,1,0,1,0,0,0,1,0,0,0,0,0,1,0,0
1.05929768860618,DCBA,0,0,1,0,0,1,1,0,0,0,NA,0,0,1,0,1,1,1,1,1
-0.381948697477593,DCBA,1,1,0,0,0,0,0,1,1,0,0,1,0,0,0,0,0,1,1,0
1.70030525603988,DCBA,0,0,0,0,1,1,0,1,1,0,0,1,0,1,1,1,0,1,0,1
-0.15202077429475,DCBA,1,0,1,0,0,1,1,0,1,1,0,0,1,1,1,1,0,1,1,1
2.28643047069977,DCBA,1,0,1,0,1,1,0,0,1,0,0,0,0,0,0,0,0,1,0,0
0.546322315853379,DCBA,0,0,1,0,0,1,1,0,0,0,0,0,0,0,0,0,0,1,0,0
0.23822181493272,DCBA,0,0,1,0,0,1,1,0,1,0,0,1,0,0,0,1,1,1,1,1
-1.1495411869607,DCBA,0,1,0,0,0,0,0,1,1,1,0,1,0,1,0,1,1,1,1,1
1.32691166341937,DCBA,0,1,0,1,0,1,1,0,1,0,0,1,0,1,0,1,1,1,1,0
0.42143970669814,DCBA,NA,0,1,1,0,1,0,1,0,1,0,1,0,0,0,0,0,0,1,1
1.59660546157029,DCBA,1,0,0,0,0,1,0,1,1,1,0,1,0,0,0,0,0,1,0,0
0.584183820054119,DCBA,0,0,1,1,0,1,1,0,1,0,1,0,NA,0,0,0,0,1,0,0
2.42290985593763,DCBA,1,0,0,0,0,0,0,1,1,0,0,1,0,0,0,0,0,1,0,0
-0.21976813854192,DCBA,0,1,0,0,0,0,0,1,1,0,1,0,1,1,0,1,1,1,0,0
-0.452895292317517,DCBA,1,0,0,0,1,1,1,0,0,0,0,1,0,0,0,1,0,1,1,0
-0.428635581199706,DCBA,1,1,0,0,0,0,0,1,1,0,0,0,0,0,0,0,0,1,0,0
1.24334831638188,DCBA,1,0,0,0,0,NA,0,1,1,0,0,1,0,0,0,1,1,1,1,0
1.85868323399143,DCBA,1,0,1,0,1,0,0,1,0,0,0,0,0,0,0,0,0,1,1,0
1.93003429121639,DCBA,1,0,1,1,0,1,1,0,1,NA,0,1,0,1,0,1,0,0,1,1
0.0423759332524707,DCBA,1,0,1,0,0,0,0,1,1,0,1,0,1,1,0,1,1,1,0,0
-0.453192407792608,DCBA,0,0,1,1,0,1,0,1,0,0,0,1,0,1,1,1,0,0,1,1
-0.820831764061283,DCBA,0,NA,NA,1,0,0,1,0,1,0,0,1,0,NA,1,1,1,1,1,1
1.01174037731601,DCBA,0,1,0,0,0,0,0,0,0,0,1,0,1,1,0,0,0,1,0,0
-0.302721629543979,DCBA,0,1,0,0,0,0,1,0,0,0,0,0,0,0,0,0,0,1,0,0
0.200442104098278,DCBA,0,NA,0,0,1,1,0,1,1,0,0,1,0,0,0,1,1,1,1,0
0.176881348793984,DCBA,0,0,1,1,0,1,0,1,0,1,0,1,0,1,1,1,0,0,1,1
0.239233353546013,DCBA,0,0,0,1,0,0,0,1,1,0,0,1,0,0,0,1,1,1,1,0
0.0126673370666681,DCBA,1,0,1,0,0,1,0,0,1,0,0,0,0,0,0,0,0,1,0,0
0.0143960592708074,DCBA,1,1,0,0,0,1,1,0,0,0,0,1,0,1,1,1,1,0,1,0
-0.558967818286634,DCBA,1,1,1,0,0,1,1,0,0,0,0,0,0,0,0,1,1,1,1,0
1.06284856401672,DCBA,0,0,1,1,0,1,1,1,0,0,0,1,0,1,1,1,0,1,1,0
0.373764686633195,DCBA,1,0,0,1,1,1,0,0,1,0,1,0,0,1,1,1,0,0,0,1
-0.484044995923891,DCBA,0,0,1,0,0,1,1,0,0,0,0,0,0,0,0,1,1,1,1,1
1.51046272349585,DCBA,1,0,1,0,0,1,0,1,0,0,0,0,0,0,0,1,1,1,0,0
-0.0950986911329252,DCBA,0,0,1,1,0,1,1,0,1,0,0,0,1,1,0,1,1,1,1,1
-0.539832115006841,DCBA,1,0,1,0,0,1,1,0,0,0,0,0,0,0,0,0,0,1,0,0
-1.41772917952185,DCBA,1,0,1,0,0,1,1,0,0,0,1,0,1,1,0,1,0,1,0,0
1.66645779836737,DCBA,0,0,0,0,1,1,1,0,1,1,0,1,0,1,1,1,0,0,1,0
-0.523885430472308,DCBA,1,0,0,0,1,1,0,0,1,0,0,0,0,0,0,1,0,0,1,0
2.63717384773021,DCBA,0,0,1,1,0,1,1,1,0,0,0,1,0,0,0,1,1,1,1,0
0.127632316273185,DCBA,0,0,1,0,0,1,1,0,1,0,0,0,0,0,0,0,0,1,0,0
-0.135268011212272,DCBA,0,0,1,0,0,0,0,1,1,0,0,1,0,0,0,1,0,1,1,1
-0.575171131358829,DCBA,1,1,1,0,0,1,1,0,0,1,0,1,0,1,1,1,1,1,1,1
0.589797462099125,DCBA,0,0,0,0,0,1,0,0,0,0,0,0,0,0,0,1,0,0,1,0
-1.93807314835307,DCBA,0,0,0,0,0,0,0,1,1,0,0,1,1,1,1,1,1,1,1,1
-0.17488502909288,DCBA,1,0,0,0,1,1,0,0,0,1,0,1,0,1,1,1,0,1,1,1
-1.83968143269139,DCBA,0,NA,0,0,1,1,0,1,0,0,0,0,0,0,0,0,0,1,0,0
1.56236758758913,DCBA,0,0,0,0,1,1,1,0,1,1,1,0,0,0,0,1,1,1,1,1
2.18694803753601,DCBA,1,0,0,0,1,1,0,1,0,1,0,1,0,1,1,1,1,1,1,1
0.351871868659835,DCBA,1,0,1,0,0,1,1,0,0,1,0,1,0,0,0,0,0,1,1,1
-0.768366121933564,DCBA,1,0,1,0,0,1,1,0,0,0,0,0,0,0,0,0,0,1,0,0
-0.738344441305343,DCBA,0,1,0,0,0,1,1,1,1,1,0,1,0,1,0,1,1,1,1,0
-0.0351324331588649,DCBA,0,0,1,1,0,1,0,1,1,0,1,0,0,1,1,1,0,0,1,1
-0.346797201320655,DCBA,1,0,1,0,0,1,1,0,0,0,0,0,0,0,0,0,0,1,0,0
2.36539598993601,DCBA,1,0,0,0,1,1,0,1,0,0,1,0,0,0,0,0,0,1,0,0
-0.372341259452871,DCBA,0,0,1,1,0,1,0,1,1,0,1,0,1,1,0,1,1,1,1,0
2.8691075323656,DCBA,1,0,0,0,1,1,0,1,1,0,0,1,0,1,0,1,1,1,1,0
1.64775646556048,DCBA,1,0,1,0,0,0,0,1,1,0,0,1,0,1,1,0,0,1,0,0
0.571193643350256,DCBA,1,1,0,0,0,0,1,0,1,0,1,0,1,1,0,1,1,1,1,1
0.724428515173624,DCBA,0,0,1,1,0,1,1,0,0,0,0,1,0,1,0,1,0,1,0,0
1.87972032450962,DCBA,1,0,1,0,0,0,0,0,0,0,1,0,1,1,0,1,1,1,1,0
